food,Energy,Carbs,Protein,Fiber,Fat,Sugar,Fat (mono),Fat (poly),Fat (sat),Cholesterol,Calcium,Copper,Iron,Magnesium,Manganese,Phosphorus,Potassium,Selenium,Sodium,Zinc,Thiamin (B1),Riboflavin (B2),Niacin (B3),Pantothenic acid (B5),Pyridoxine (B6),Folate (B9),Cobalmins (B12),Vitamin A,Vitamin C,Vitamin D (D2 + D3),Vitamin E,Cystine,Histidine,Isoleucine,Leucine,Lysine,Methionine,Phenylalanine,Threonine,Tryptophan,Tyrosine,Valine,Lycopene,Lutein + zeaxanthin,alpha-Carotene,beta-Carotene,beta-Cryptoxanthin,Vitamin K
"Quinoa, uncooked",953.5,64.16,14.12,7.0,6.07,,1.613,3.292,0.706,0.0,47.0,0.59,4.57,197.0,2.033,457.0,563.0,8.5,5.0,3.1,0.36,0.318,1.52,0.772,0.487,184.0,0.0,1.0,,0.0,2.44,0.203,0.407,0.504,0.84,0.766,0.309,0.593,0.421,0.167,0.267,0.594,0.0,163.0,0.0,8.0,1.0,1.1
Oats,1008.5,66.27,16.89,10.6,6.9,,2.178,2.535,1.217,0.0,54.0,0.626,4.72,177.0,4.916,523.0,429.0,,2.0,3.97,0.763,0.139,0.961,1.349,0.119,56.0,0.0,0.0,0.0,0.0,0.0,0.408,0.405,0.694,1.284,0.701,0.312,0.895,0.575,0.234,0.573,0.937,,,,,,
"Barley, pearled, raw",912.5,77.72,9.91,15.6,1.16,0.8,0.149,0.56,0.244,0.0,29.0,0.42,2.5,79.0,1.322,221.0,280.0,37.7,9.0,2.13,0.191,0.114,4.604,0.282,0.26,23.0,0.0,1.0,0.0,0.0,0.02,0.219,0.223,0.362,0.673,0.369,0.19,0.556,0.337,0.165,0.284,0.486,0.0,160.0,0.0,13.0,0.0,
Buckwheat,889.0,71.5,13.25,10.0,3.4,,1.04,1.039,0.741,0.0,18.0,1.1,2.2,231.0,1.3,347.0,460.0,8.3,1.0,2.4,0.101,0.425,7.02,1.233,0.21,30.0,0.0,0.0,0.0,0.0,0.0,0.229,0.309,0.498,0.832,0.672,0.172,0.52,0.506,0.192,0.241,0.678,,,,,,
"Rice, brown, long-grain, raw",950.5,76.25,7.54,3.6,3.2,0.66,1.054,1.0,0.591,0.0,9.0,0.302,1.29,116.0,2.853,311.0,250.0,17.1,5.0,2.13,0.541,0.095,6.494,1.065,0.477,23.0,0.0,0.0,0.0,0.0,0.6,0.096,0.202,0.336,0.657,0.303,0.179,0.41,0.291,0.101,0.298,0.466,0.0,0.0,0.0,0.0,0.0,0.6
"Wild rice, raw",925.5,74.9,14.73,6.2,1.08,2.5,0.159,0.676,0.156,0.0,21.0,0.524,1.96,177.0,1.329,433.0,427.0,2.8,7.0,5.96,0.115,0.262,6.733,1.074,0.391,95.0,0.0,1.0,0.0,0.0,0.82,0.174,0.384,0.618,1.018,0.629,0.438,0.721,0.469,0.179,0.622,0.858,0.0,220.0,0.0,11.0,0.0,
"Millet, raw",980.0,72.85,11.02,8.5,4.22,,0.773,2.134,0.723,0.0,8.0,0.75,3.01,114.0,1.632,285.0,195.0,2.7,5.0,1.68,0.421,0.29,4.72,0.848,0.384,85.0,0.0,0.0,0.0,0.0,0.05,0.212,0.236,0.465,1.4,0.212,0.221,0.58,0.353,0.119,0.34,0.578,,,,,,
"Bulgur, dry",886.5,75.87,12.29,12.5,1.33,0.41,0.173,0.541,0.232,0.0,35.0,0.335,2.46,164.0,3.048,300.0,410.0,2.3,17.0,1.93,0.232,0.115,5.114,1.045,0.342,27.0,0.0,0.0,0.0,0.0,0.06,0.285,0.285,0.455,0.83,0.339,0.19,0.58,0.354,0.19,0.358,0.554,0.0,220.0,0.0,5.0,0.0,
"Spelt, uncooked",876.0,70.19,14.57,10.7,2.43,6.82,0.445,1.258,0.406,0.0,27.0,0.511,4.44,136.0,2.983,401.0,388.0,11.7,8.0,3.28,0.364,0.113,6.843,1.068,0.23,45.0,0.0,0.0,0.0,,0.79,0.33,0.36,0.552,1.07,0.409,0.258,0.737,0.443,0.132,0.377,0.681,0.0,169.0,0.0,5.0,0.0,3.6
"Wheat, durum",878.5,71.13,13.68,,2.47,,0.344,0.978,0.454,0.0,34.0,0.553,3.52,144.0,3.012,508.0,431.0,89.4,2.0,4.16,0.419,0.121,6.738,0.935,0.419,43.0,0.0,0.0,0.0,0.0,0.0,0.286,0.322,0.533,0.934,0.303,0.221,0.681,0.366,0.176,0.357,0.594,,,,,,
"Wheat, hard red winter",847.5,71.18,12.61,12.2,1.54,0.41,0.2,0.627,0.269,0.0,29.0,0.434,3.19,126.0,3.985,288.0,363.0,70.7,2.0,2.65,0.383,0.115,5.464,0.954,0.3,38.0,0.0,0.0,0.0,0.0,1.01,0.322,0.285,0.458,0.854,0.335,0.201,0.592,0.365,0.16,0.387,0.556,0.0,220.0,0.0,5.0,0.0,
Sorghum grain,853.0,72.09,10.62,6.7,3.46,2.53,1.131,1.558,0.61,0.0,13.0,0.284,3.36,165.0,1.605,289.0,363.0,12.2,2.0,1.67,0.332,0.096,3.688,0.367,0.443,20.0,0.0,0.0,0.0,0.0,0.5,0.127,0.246,0.433,1.491,0.229,0.169,0.546,0.346,0.124,0.321,0.561,,,,,,
"Wheat, kamut khorasan, uncooked",873.0,70.58,14.54,11.1,2.13,7.84,0.213,0.621,0.196,0.0,22.0,0.506,3.77,130.0,2.735,364.0,403.0,81.5,5.0,3.68,0.566,0.184,6.375,0.949,0.259,,,1.0,0.0,,0.61,0.309,0.379,0.566,1.112,0.416,0.251,0.772,0.442,0.13,0.352,0.687,0.0,301.0,2.0,5.0,1.0,1.8
"Amaranth grain, uncooked",962.5,65.25,13.56,6.7,7.02,1.69,1.685,2.778,1.459,0.0,159.0,0.525,7.61,248.0,3.333,557.0,508.0,18.7,4.0,2.87,0.116,0.2,0.923,1.457,0.591,82.0,0.0,0.0,4.2,0.0,1.19,0.191,0.389,0.582,0.879,0.747,0.226,0.542,0.558,0.181,0.329,0.679,0.0,28.0,0.0,1.0,0.0,0.0
"Rice, white, long-grain, regular, raw, unenriched",946.0,79.95,7.13,1.3,0.66,0.12,0.206,0.177,0.18,0.0,28.0,0.22,0.8,25.0,1.088,115.0,115.0,15.1,5.0,1.09,0.07,0.049,1.6,1.014,0.164,8.0,0.0,0.0,0.0,0.0,0.11,0.146,0.168,0.308,0.589,0.258,0.168,0.381,0.255,0.083,0.238,0.435,0.0,0.0,0.0,0.0,0.0,
"Teff, uncooked",951.5,73.13,13.3,8.0,2.38,1.84,0.589,1.071,0.449,,180.0,0.81,7.63,184.0,9.24,429.0,427.0,4.4,12.0,3.63,0.39,0.27,3.363,0.942,0.482,,,0.0,,,0.08,0.236,0.301,0.501,1.068,0.376,0.428,0.698,0.51,0.139,0.458,0.686,0.0,66.0,0.0,5.0,0.0,1.9
Rye grain,876.0,75.86,10.34,15.1,1.63,0.98,0.208,0.767,0.197,0.0,24.0,0.367,2.63,110.0,2.577,332.0,510.0,13.9,2.0,2.65,0.316,0.251,4.27,1.456,0.294,38.0,0.0,1.0,0.0,0.0,0.85,,0.189,0.208,0.563,0.286,0.153,0.435,0.289,0.108,0.2,0.317,0.0,210.0,0.0,7.0,0.0,
"Brussels sprouts, raw",88.33333333333333,8.95,3.38,3.8,0.3,2.2,0.023,0.153,0.062,0.0,42.0,0.07,1.4,23.0,0.337,69.0,389.0,1.6,25.0,0.42,0.139,0.09,0.745,0.309,0.219,61.0,0.0,38.0,85.0,0.0,0.88,0.022,0.076,0.132,0.152,0.154,0.032,0.098,0.12,0.037,,0.155,0.0,1590.0,6.0,450.0,0.0,
"Beets, raw",88.66666666666667,9.56,1.61,2.8,0.17,6.76,0.032,0.06,0.027,0.0,16.0,0.075,0.8,23.0,0.329,40.0,325.0,0.7,78.0,0.35,0.031,0.04,0.334,0.155,0.067,109.0,0.0,2.0,4.9,0.0,0.04,0.019,0.021,0.048,0.068,0.058,0.018,0.046,0.047,0.019,0.038,0.056,0.0,0.0,0.0,20.0,0.0,
"Broccoli, raw",76.57142857142857,6.46,2.695,2.5,0.355,1.7,0.020999999999999998,0.0645,0.0765,0.0,46.5,0.054,0.71,21.0,0.20133333333333334,66.5,309.5,2.05,34.5,0.415,0.074,0.1155,0.639,0.5976666666666667,0.183,64.0,0.0,19.5,80.75,0.0,0.465,0.028,0.059,0.079,0.129,0.135,0.038,0.117,0.08800000000000001,0.033,0.05000000000000001,0.125,0.0,1074.0,12.5,227.0,0.5,
"Corn grain, yellow",946.0,74.26,9.42,7.3,4.74,0.64,1.251,2.163,0.667,0.0,7.0,0.314,2.71,127.0,0.485,210.0,287.0,15.5,35.0,2.21,0.385,0.201,3.627,0.424,0.622,19.0,0.0,11.0,0.0,0.0,0.49,0.17,0.287,0.337,1.155,0.265,0.197,0.463,0.354,0.067,0.383,0.477,0.0,1355.0,63.0,97.0,0.0,
"Cauliflower, raw",51.333333333333336,4.97,1.92,2.0,0.28,1.91,0.034,0.031,0.13,0.0,22.0,0.039,0.42,15.0,0.155,44.0,299.0,0.6,30.0,0.27,0.05,0.06,0.507,0.667,0.184,57.0,0.0,0.0,48.2,0.0,0.08,0.02,0.056,0.071,0.106,0.217,0.02,0.065,0.076,0.02,0.051,0.125,0.0,1.0,0.0,0.0,0.0,15.5
"Eggplant, raw",51.333333333333336,5.88,0.98,3.0,0.18,3.53,0.016,0.076,0.034,0.0,9.0,0.081,0.23,14.0,0.232,24.0,229.0,0.3,2.0,0.16,0.039,0.037,0.649,0.281,0.084,22.0,0.0,1.0,2.2,0.0,0.3,0.006,0.023,0.045,0.064,0.047,0.011,0.043,0.037,0.009,0.027,0.053,0.0,36.0,0.0,14.0,0.0,
"Tomatoes, red, ripe, raw, year round average",46.0,3.89,0.88,1.2,0.2,2.63,0.031,0.083,0.028,0.0,10.0,0.059,0.27,11.0,0.114,24.0,237.0,0.0,5.0,0.17,0.037,0.019,0.594,0.089,0.08,15.0,0.0,42.0,13.7,0.0,0.54,0.009,0.014,0.018,0.025,0.027,0.006,0.027,0.027,0.006,0.014,0.018,2573.0,123.0,101.0,449.0,0.0,
"Peas, green, frozen, unprepared",199.5,13.62,5.22,4.5,0.4,5.0,0.033,0.175,0.066,0.0,22.0,0.124,1.53,26.0,0.336,82.0,153.0,1.9,108.0,0.82,0.259,0.1,1.723,0.547,0.083,53.0,0.0,103.0,18.0,0.0,0.02,0.031,0.102,0.187,0.311,0.305,0.079,0.192,0.195,0.036,0.109,0.226,0.0,2352.0,20.0,1225.0,0.0,27.9
"Kale, raw",80.2,4.42,2.92,4.1,1.49,0.895,0.104,0.673,0.178,0.0,254.0,0.053,1.6000000000000003,32.9,0.92,55.0,348.0,0.9,53.0,0.38999999999999996,0.113,0.347,1.18,0.37,0.147,62.0,0.0,241.0,93.40000000000002,0.0,0.66,0.038,0.172,0.175,0.205,0.175,0.029,0.15,0.131,0.035,0.103,0.159,0.0,6260.333333333333,0.0,2871.0,27.0,389.8666666666666
"Spinach, raw",47.666666666666664,3.63,2.86,2.2,0.39,0.42,0.01,0.165,0.063,0.0,99.0,0.13,2.71,79.0,0.897,49.0,558.0,1.0,79.0,0.53,0.078,0.189,0.724,0.065,0.195,194.0,0.0,469.0,28.1,0.0,2.03,0.035,0.064,0.147,0.223,0.174,0.053,0.129,0.122,0.039,0.108,0.161,0.0,12198.0,0.0,5626.0,0.0,
"Lettuce, cos or romaine, raw",43.833333333333336,3.2566666666666664,1.2366666666666666,1.9000000000000001,0.2733333333333334,1.19,0.012,0.16,0.039,0.0,34.333333333333336,0.04800000000000001,0.9566666666666667,13.799999999999999,0.13633333333333333,30.0,251.0,0.4000000000000001,8.0,0.24333333333333332,0.07666666666666666,0.07033333333333333,0.3196666666666667,0.144,0.07666666666666666,78.66666666666667,0.0,436.0,4.3999999999999995,0.0,0.1366666666666667,0.006000000000000001,0.021,0.045000000000000005,0.076,0.064,0.014333333333333332,0.06566666666666666,0.043666666666666666,0.010666666666666666,0.024333333333333335,0.055,0.0,2310.6666666666665,0.0,5228.666666666667,0.0,
"Chard, swiss, raw",49.0,3.74,1.8,1.6,0.2,1.1,0.04,0.07,0.03,0.0,51.0,0.179,1.8,81.0,0.366,46.0,379.0,0.9,213.0,0.36,0.04,0.09,0.4,0.172,0.099,14.0,0.0,306.0,30.0,0.0,1.89,,0.036,0.147,0.13,0.099,0.019,0.11,0.083,0.017,,0.11,0.0,11000.0,45.0,3647.0,0.0,
"Arugula, raw",65.0,3.65,2.58,1.6,0.66,2.05,0.049,0.319,0.086,0.0,160.0,0.076,1.46,47.0,0.321,52.0,369.0,0.3,27.0,0.47,0.044,0.086,0.305,0.437,0.073,97.0,0.0,119.0,15.0,0.0,0.43,,,,,,,,,,,,0.0,3555.0,0.0,1424.0,0.0,
"Collards, raw",65.66666666666667,5.42,3.02,4.0,0.61,0.46,0.03,0.201,0.055,0.0,232.0,0.046,0.47,27.0,0.658,25.0,213.0,1.3,17.0,0.21,0.054,0.13,0.742,0.267,0.165,129.0,0.0,251.0,35.3,0.0,2.26,0.025,0.047,0.1,0.151,0.117,0.033,0.087,0.086,0.031,0.066,0.12,0.0,4323.0,14.0,2991.0,28.0,
"Lettuce, iceberg (includes crisphead types), raw",36.0,2.97,0.9,1.2,0.14,1.97,0.006,0.074,0.018,0.0,18.0,0.025,0.41,7.0,0.125,20.0,141.0,0.1,10.0,0.15,0.041,0.025,0.123,0.091,0.042,29.0,0.0,25.0,2.8,0.0,0.18,0.005,0.009,0.018,0.025,0.024,0.005,0.023,0.025,0.009,0.007,0.024,0.0,277.0,4.0,299.0,0.0,
"Beet greens, raw",45.333333333333336,4.33,2.2,3.7,0.13,0.5,0.026,0.046,0.02,0.0,117.0,0.191,2.57,70.0,0.391,41.0,762.0,0.9,226.0,0.38,0.1,0.22,0.4,0.25,0.106,15.0,0.0,316.0,30.0,0.0,1.5,0.021,0.034,0.046,0.098,0.064,0.018,0.058,0.065,0.035,0.052,0.065,0.0,1503.0,3.0,3794.0,0.0,
"Mustard greens, raw",56.0,4.67,2.86,3.2,0.42,1.32,0.092,0.038,0.01,0.0,115.0,0.165,1.64,32.0,,58.0,384.0,0.9,20.0,0.25,0.08,0.11,0.8,0.21,0.18,12.0,0.0,151.0,70.0,0.0,2.01,,,,,,,,,,,,0.0,3730.0,10.0,1790.0,40.0,
"Cabbage, chinese (pak-choi), raw",34.0,2.18,1.5,1.0,0.2,1.18,0.015,0.096,0.027,0.0,105.0,0.021,0.8,19.0,0.159,37.0,252.0,0.5,65.0,0.19,0.04,0.07,0.5,0.088,0.194,66.0,0.0,223.0,45.0,0.0,0.09,0.017,0.026,0.085,0.088,0.089,0.009,0.044,0.049,0.015,0.029,0.066,0.0,40.0,1.0,2681.0,0.0,
"Cabbage, raw",64.0,5.8,1.28,2.5,0.1,3.2,0.017,0.017,0.034,0.0,40.0,0.019,0.47,12.0,0.16,26.0,170.0,0.3,18.0,0.18,0.061,0.04,0.234,0.212,0.124,43.0,0.0,5.0,36.6,0.0,0.15,0.011,0.022,0.03,0.041,0.044,0.012,0.032,0.035,0.011,0.019,0.042,0.0,30.0,33.0,42.0,0.0,
"Beans, black turtle, mature seeds, raw",878.0,63.25,21.25,15.5,0.9,2.12,0.078,0.387,0.232,0.0,160.0,1.0,8.7,160.0,1.0,440.0,1500.0,3.2,9.0,2.2,0.9,0.193,1.955,0.899,0.286,444.0,0.0,0.0,0.0,0.0,0.21,0.231,0.592,0.938,1.697,1.459,0.32,1.149,0.894,0.252,0.598,1.112,0.0,0.0,0.0,0.0,0.0,
"Lentils, raw",912.5,63.35,24.63,10.7,1.06,2.03,0.193,0.526,0.154,0.0,35.0,0.754,6.51,47.0,1.393,281.0,677.0,0.1,6.0,3.27,0.873,0.211,2.605,2.14,0.54,479.0,0.0,2.0,4.5,0.0,0.49,0.322,0.693,1.065,1.786,1.72,0.21,1.215,0.882,0.221,0.658,1.223,0.0,0.0,0.0,23.0,0.0,
"Lentils, pink or red, raw",928.0,63.1,23.91,10.8,2.17,,0.5,1.137,0.379,0.0,48.0,1.303,7.39,59.0,1.716,294.0,668.0,0.0,7.0,3.6,0.51,0.106,1.495,0.348,0.403,204.0,0.0,3.0,1.7,0.0,0.0,0.327,0.702,1.078,1.809,1.74,0.212,1.23,0.895,0.223,0.667,1.238,,,0.0,35.0,0.0,
"Beans, snap, green, raw",81.0,6.97,1.83,2.7,0.22,3.26,0.01,0.113,0.05,0.0,37.0,0.069,1.03,25.0,0.216,38.0,211.0,0.6,6.0,0.24,0.082,0.104,0.734,0.225,0.141,33.0,0.0,35.0,12.2,0.0,0.41,0.018,0.034,0.066,0.112,0.088,0.022,0.067,0.079,0.019,0.042,0.09,0.0,640.0,69.0,379.0,0.0,
"Soybeans, green, raw",380.5,11.05,12.95,4.2,6.8,,1.284,3.2,0.786,0.0,197.0,0.128,3.55,65.0,0.547,194.0,620.0,1.5,15.0,0.99,0.435,0.175,1.65,0.147,0.065,165.0,0.0,9.0,29.0,0.0,0.0,0.118,0.348,0.57,0.926,0.775,0.157,0.586,0.516,0.157,0.464,0.576,,,,,,
"Beans, pinto, mature seeds, sprouted, raw",160.5,11.6,5.25,,0.9,,0.067,0.523,0.109,0.0,43.0,0.32,1.97,53.0,0.366,94.0,307.0,0.6,153.0,0.5,0.23,0.175,2.28,0.74,0.171,118.0,0.0,0.0,21.7,0.0,0.0,0.06,0.147,0.233,0.377,0.299,0.055,0.265,0.22,0.055,0.181,0.27,,,,,,
"Beans, adzuki, mature seeds, raw",853.0,62.9,19.87,12.7,0.53,,0.05,0.113,0.191,0.0,66.0,1.094,4.98,127.0,1.73,381.0,1254.0,3.1,5.0,5.04,0.455,0.22,2.63,1.471,0.351,622.0,0.0,1.0,0.0,0.0,0.0,0.184,0.524,0.791,1.668,1.497,0.21,1.052,0.674,0.191,0.591,1.023,,,,,,
"Beans, black, mature seeds, raw",883.0,62.36,21.6,15.5,1.42,2.12,0.123,0.61,0.366,0.0,123.0,0.841,5.02,171.0,1.06,352.0,1483.0,3.2,5.0,3.65,0.9,0.193,1.955,0.899,0.286,444.0,0.0,0.0,0.0,0.0,0.21,0.235,0.601,0.954,1.725,1.483,0.325,1.168,0.909,0.256,0.608,1.13,0.0,0.0,0.0,0.0,0.0,
"Beans, kidney, all types, mature seeds, raw",863.0,60.01,23.58,24.9,0.83,2.23,0.064,0.457,0.12,0.0,143.0,0.958,8.2,140.0,1.021,407.0,1406.0,3.2,24.0,2.79,0.529,0.219,2.06,0.78,0.397,394.0,0.0,0.0,4.5,0.0,0.22,0.256,0.656,1.041,1.882,1.618,0.355,1.275,0.992,0.279,0.664,1.233,0.0,0.0,0.0,0.0,0.0,
"Beans, pinto, mature seeds, raw",899.5,62.55,21.42,15.5,1.23,2.11,0.229,0.407,0.235,0.0,113.0,0.893,5.07,176.0,1.148,411.0,1393.0,27.9,12.0,2.28,0.713,0.212,1.174,0.785,0.474,525.0,0.0,0.0,6.3,0.0,0.21,0.187,0.556,0.871,1.558,1.356,0.259,1.095,0.81,0.237,0.427,0.998,0.0,0.0,0.0,0.0,0.0,
"Beans, small white, mature seeds, raw",871.0,62.25,21.11,24.9,1.18,,0.102,0.507,0.304,0.0,173.0,0.635,7.73,183.0,1.278,445.0,1542.0,12.8,12.0,2.81,0.743,0.207,1.342,0.729,0.439,386.0,0.0,0.0,0.0,0.0,0.0,0.23,0.588,0.932,1.685,1.449,0.317,1.141,0.888,0.25,0.594,1.104,,,,,,
"Soybeans, mature seeds, raw",1156.0,30.16,36.49,9.3,19.94,7.33,4.404,11.255,2.884,0.0,277.0,1.658,15.7,280.0,2.517,704.0,1797.0,17.8,2.0,4.89,0.874,0.87,1.623,0.793,0.377,375.0,0.0,1.0,6.0,0.0,0.85,0.655,1.097,1.971,3.309,2.706,0.547,2.122,1.766,0.591,1.539,2.029,0.0,0.0,0.0,13.0,0.0,
"Broadbeans (fava beans), mature seeds, raw",883.0,58.29,26.12,25.0,1.53,5.7,0.303,0.627,0.254,0.0,103.0,0.824,6.7,192.0,1.626,421.0,1062.0,8.2,13.0,3.14,0.555,0.333,2.832,0.976,0.366,423.0,0.0,3.0,1.4,0.0,0.05,0.334,0.664,1.053,1.964,1.671,0.213,1.103,0.928,0.247,0.827,1.161,0.0,0.0,0.0,32.0,0.0,
"Peas, green, raw",210.0,14.45,5.42,5.7,0.4,5.67,0.035,0.187,0.071,0.0,25.0,0.176,1.47,33.0,0.41,108.0,244.0,1.8,5.0,1.24,0.266,0.132,2.09,0.104,0.169,65.0,0.0,38.0,40.0,0.0,0.13,0.032,0.107,0.195,0.323,0.317,0.082,0.2,0.203,0.037,0.114,0.235,0.0,2477.0,21.0,449.0,0.0,
"Chickpeas (garbanzo beans, bengal gram), mature seeds, raw",979.5,62.95,20.47,12.2,6.04,10.7,1.377,2.731,0.603,0.0,57.0,0.656,4.31,79.0,21.306,252.0,718.0,0.0,24.0,2.76,0.477,0.212,1.541,1.588,0.535,557.0,0.0,3.0,4.0,0.0,0.82,0.279,0.566,0.882,1.465,1.377,0.27,1.103,0.766,0.2,0.512,0.865,0.0,0.0,0.0,40.0,0.0,
"Peas, green, split, mature seeds, raw",942.5,61.63,23.12,22.2,3.89,3.14,0.615,1.022,0.408,0.0,46.0,0.809,4.73,63.0,1.19,334.0,852.0,10.7,5.0,3.49,0.719,0.244,3.608,0.962,0.14,15.0,0.0,7.0,1.8,0.0,0.12,0.273,0.586,0.983,1.68,1.771,0.195,1.151,0.813,0.159,0.518,1.035,0.0,0.0,0.0,89.0,0.0,15.9
"Nuts, brazilnuts, dried, unblanched",1708.0,11.74,14.32,7.5,67.1,2.33,23.879,24.399,16.134,0.0,160.0,1.743,2.43,376.0,1.223,725.0,659.0,1917.0,3.0,4.06,0.617,0.035,0.295,0.184,0.101,22.0,0.0,0.0,0.7,0.0,5.65,0.306,0.409,0.518,1.19,0.49,1.124,0.639,0.365,0.135,0.416,0.76,0.0,0.0,0.0,0.0,0.0,
"Nuts, cashew nuts, raw",1433.5,30.19,18.22,3.3,43.85,5.91,23.797,7.845,7.783,0.0,37.0,2.195,6.68,292.0,1.655,593.0,660.0,19.9,12.0,5.78,0.423,0.058,1.062,0.864,0.417,25.0,0.0,0.0,0.5,0.0,0.9,0.393,0.456,0.789,1.472,0.928,0.362,0.951,0.688,0.287,0.508,1.094,0.0,22.0,0.0,0.0,0.0,
"Nuts, hazelnuts or filberts",1628.5,16.7,14.95,9.7,60.75,4.34,45.652,7.92,4.464,0.0,114.0,1.725,4.7,163.0,6.175,290.0,680.0,2.4,0.0,2.45,0.643,0.113,1.8,0.918,0.563,113.0,0.0,1.0,6.3,0.0,15.03,0.277,0.432,0.545,1.063,0.42,0.221,0.663,0.497,0.193,0.362,0.701,0.0,92.0,3.0,11.0,0.0,
"Nuts, macadamia nuts, raw",1861.0,13.82,7.91,8.6,75.77,4.57,58.877,1.502,12.061,0.0,85.0,0.756,3.69,130.0,4.131,188.0,368.0,3.6,5.0,1.3,1.195,0.162,2.473,0.758,0.275,11.0,0.0,0.0,1.2,0.0,0.54,0.006,0.195,0.314,0.602,0.018,0.023,0.665,0.37,0.067,0.511,0.363,,,,,,
"Nuts, pine nuts, dried",1744.5,13.08,13.69,3.7,68.37,3.59,18.764,34.071,4.899,0.0,16.0,1.324,5.53,251.0,8.802,575.0,597.0,0.7,2.0,6.45,0.364,0.227,4.387,0.313,0.094,34.0,0.0,1.0,0.8,0.0,9.33,0.289,0.341,0.542,0.991,0.54,0.259,0.524,0.37,0.107,0.509,0.687,0.0,9.0,0.0,17.0,0.0,
"Nuts, pistachio nuts, raw",1451.0,27.17,20.16,10.6,45.32,7.66,23.257,14.38,5.907,0.0,105.0,1.3,3.92,121.0,1.2,490.0,1025.0,7.0,1.0,2.2,0.87,0.16,1.3,0.52,1.7,51.0,0.0,26.0,5.6,0.0,2.86,0.292,0.512,0.917,1.604,1.138,0.36,1.092,0.684,0.251,0.509,1.249,,2903.0,10.0,305.0,0.0,
"Nuts, walnuts, english",1696.0,13.71,15.23,6.7,65.21,2.61,8.933,47.174,6.126,0.0,98.0,1.586,2.91,158.0,3.414,346.0,441.0,4.9,2.0,3.09,0.341,0.15,1.125,0.57,0.537,98.0,0.0,1.0,1.3,0.0,0.7,0.208,0.391,0.625,1.17,0.424,0.236,0.711,0.596,0.17,0.406,0.753,0.0,9.0,0.0,12.0,0.0,
"Nuts, coconut meat, dried (desiccated), not sweetened",1710.5,23.65,6.88,16.3,64.53,7.35,2.745,0.706,57.218,0.0,26.0,0.796,3.32,90.0,2.745,206.0,543.0,18.5,37.0,2.01,0.06,0.1,0.603,0.8,0.3,9.0,0.0,0.0,1.5,0.0,0.44,0.136,0.158,0.27,0.511,0.304,0.129,0.349,0.251,0.081,0.213,0.417,0.0,0.0,0.0,0.0,0.0,
"Peanuts, all types, raw",1470.5,16.13,25.8,8.5,49.24,4.72,24.426,15.558,6.279,0.0,92.0,1.144,4.58,168.0,1.934,376.0,705.0,7.2,18.0,3.27,0.64,0.135,12.066,1.767,0.348,240.0,0.0,0.0,0.0,0.0,8.33,0.331,0.652,0.907,1.672,0.926,0.317,1.377,0.883,0.25,1.049,1.082,0.0,0.0,0.0,0.0,0.0,
"Apples, raw, with skin",135.0,13.81,0.26,2.4,0.17,10.39,0.007,0.051,0.028,0.0,6.0,0.027,0.12,5.0,0.035,11.0,107.0,0.0,1.0,0.04,0.017,0.026,0.091,0.061,0.041,3.0,0.0,3.0,4.6,0.0,0.18,0.001,0.005,0.006,0.013,0.012,0.001,0.006,0.006,0.001,0.001,0.012,0.0,29.0,0.0,27.0,11.0,
"Pineapple, raw, all varieties",129.5,13.12,0.54,1.4,0.12,9.85,0.013,0.04,0.009,0.0,13.0,0.11,0.29,12.0,0.927,8.0,109.0,0.1,1.0,0.12,0.079,0.032,0.5,0.213,0.112,18.0,0.0,3.0,47.8,0.0,0.02,0.014,0.01,0.019,0.024,0.026,0.012,0.021,0.019,0.005,0.019,0.024,0.0,0.0,0.0,35.0,0.0,
"Plums, raw",119.0,11.42,0.7,1.4,0.28,9.92,0.134,0.044,0.017,0.0,6.0,0.057,0.17,7.0,0.052,16.0,157.0,0.0,0.0,0.1,0.028,0.026,0.417,0.135,0.029,5.0,0.0,17.0,9.5,0.0,0.26,0.002,0.009,0.014,0.015,0.016,0.008,0.014,0.01,0.009,0.008,0.016,0.0,73.0,0.0,190.0,35.0,
"Pears, raw",148.0,15.23,0.36,3.1,0.14,9.75,0.084,0.094,0.022,0.0,9.0,0.082,0.18,7.0,0.048,12.0,116.0,0.1,1.0,0.1,0.012,0.026,0.161,0.049,0.029,7.0,0.0,1.0,4.3,0.0,0.12,0.002,0.002,0.011,0.019,0.017,0.002,0.011,0.011,0.002,0.002,0.017,0.0,44.0,1.0,14.0,2.0,
"Apricots, raw",124.5,11.12,1.4,2.0,0.39,9.24,0.17,0.077,0.027,0.0,13.0,0.078,0.39,10.0,0.077,23.0,259.0,0.1,1.0,0.2,0.03,0.04,0.6,0.24,0.054,9.0,0.0,96.0,10.0,0.0,0.89,0.003,0.027,0.041,0.077,0.097,0.006,0.052,0.047,0.015,0.029,0.047,0.0,89.0,19.0,1094.0,104.0,
"Avocados, raw, all commercial varieties",415.0,8.53,2.0,6.7,14.66,0.66,9.799,1.816,2.126,0.0,12.0,0.19,0.55,29.0,0.142,52.0,485.0,0.4,7.0,0.64,0.067,0.13,1.738,1.389,0.257,81.0,0.0,7.0,10.0,0.0,2.07,0.027,0.049,0.084,0.143,0.132,0.038,0.097,0.073,0.025,0.049,0.107,0.0,271.0,24.0,62.0,28.0,
"Blackberries, frozen, unsweetened",166.0,15.67,1.18,5.0,0.43,10.67,0.041,0.245,0.015,0.0,29.0,0.12,0.8,22.0,1.223,30.0,140.0,0.4,1.0,0.25,0.029,0.046,1.207,0.151,0.061,34.0,0.0,6.0,3.1,0.0,1.17,,,,,,,,,,,,0.0,118.0,0.0,68.0,0.0,
"Blueberries, raw",118.0,14.49,0.74,2.4,0.33,9.96,0.047,0.146,0.028,0.0,6.0,0.057,0.28,6.0,0.336,12.0,77.0,0.1,1.0,0.16,0.037,0.041,0.418,0.124,0.052,6.0,0.0,3.0,9.7,0.0,0.57,0.008,0.011,0.023,0.044,0.013,0.012,0.026,0.02,0.003,0.009,0.031,0.0,80.0,0.0,32.0,0.0,
"Cranberries, raw",94.33333333333333,11.97,0.46,3.6,0.13,4.27,0.018,0.055,0.008,0.0,8.0,0.056,0.23,6.0,0.267,11.0,80.0,0.1,2.0,0.09,0.012,0.02,0.101,0.295,0.057,1.0,0.0,3.0,14.0,0.0,1.32,0.003,0.018,0.033,0.053,0.039,0.003,0.036,0.028,0.003,0.032,0.045,0.0,91.0,0.0,38.0,0.0,
"Raspberries, raw",108.0,11.94,1.2,6.5,0.65,4.42,0.064,0.375,0.019,0.0,25.0,0.09,0.69,22.0,0.67,29.0,151.0,0.2,1.0,0.42,0.032,0.038,0.598,0.329,0.055,21.0,0.0,2.0,26.2,0.0,0.87,,,,,,,,,,,,0.0,136.0,16.0,12.0,0.0,
"Clementines, raw",122.5,12.02,0.85,1.7,0.15,9.18,,,,,30.0,0.043,0.14,10.0,0.023,21.0,177.0,0.1,1.0,0.06,0.086,0.03,0.636,0.151,0.075,24.0,,,48.8,0.0,0.2,,,,,,,,,,,,,,,,,
"Strawberries, raw",75.14285714285714,7.654999999999999,0.655,1.9,0.26,4.89,0.0215,0.0775,0.0075,0.0,14.0,0.08349999999999999,0.345,12.4,0.31533333333333335,22.0,121.0,0.4,5.5,0.16,0.0245,0.019,0.386,0.123,0.041,16.0,0.0,1.0,52.474999999999994,0.0,0.29,0.002,0.004,0.005333333333333333,0.011333333333333334,0.008666666666666666,0.0006666666666666666,0.006333333333333333,0.006666666666666667,0.0026666666666666666,0.007333333333333333,0.006333333333333333,0.0,24.0,0.0,7.0,0.0,
"Dates, medjool",718.5,74.97,1.81,6.7,0.15,66.47,,,,,64.0,0.362,0.9,54.0,0.296,62.0,696.0,,1.0,0.44,0.05,0.06,1.61,0.805,0.249,15.0,,7.0,0.0,0.0,0.0,0.046,0.029,0.045,0.082,0.054,0.017,0.048,0.042,0.007,0.016,0.066,0.0,23.0,0.0,89.0,0.0,
"Plantains, green, raw",393.5,36.66,1.25,2.2,0.07,2.29,0.019,0.031,0.121,,2.0,0.116,0.75,41.0,0.109,31.0,431.0,,2.0,0.18,0.1,0.1,0.55,0.53,0.07,28.0,,,20.2,,0.0,,,,,,,,,,,,,,,,,
"Pomegranates, raw",214.5,18.7,1.67,4.0,1.17,13.67,0.093,0.079,0.12,0.0,10.0,0.158,0.3,12.0,0.119,36.0,236.0,0.5,3.0,0.35,0.067,0.053,0.293,0.377,0.075,38.0,0.0,0.0,10.2,0.0,0.6,,,,,,,,,,,,0.0,0.0,0.0,0.0,0.0,
"Bananas, raw",230.0,22.84,1.09,2.6,0.33,12.23,0.032,0.073,0.112,0.0,5.0,0.078,0.26,27.0,0.27,22.0,358.0,1.0,1.0,0.15,0.031,0.073,0.665,0.334,0.367,20.0,0.0,3.0,8.7,0.0,0.1,0.009,0.077,0.028,0.068,0.05,0.008,0.049,0.028,0.009,0.009,0.047,0.0,22.0,25.0,26.0,0.0,
"Plantains, yellow, raw",316.0,31.89,1.3,1.7,0.35,17.51,0.0,0.0,0.0,0.0,3.0,0.074,0.55,36.0,0.144,32.0,487.0,1.5,4.0,0.19,0.062,0.076,0.672,0.3,0.242,22.0,0.0,56.0,18.4,0.0,0.0,,,,,,,,,,,,0.0,30.0,438.0,457.0,0.0,28.8
"Kiwifruit, green, raw",153.75,14.33,1.1,3.0,0.48,8.99,0.047,0.287,0.029,0.0,34.5,0.132,0.275,16.35,0.081,34.0,255.0,0.2,4.0,0.14,0.027,0.025,0.35550000000000004,0.1945,0.062,25.5,0.0,4.0,83.7,0.0,1.38,0.0295,0.025500000000000002,0.0485,0.0625,0.057999999999999996,0.023,0.041499999999999995,0.045,0.013999999999999999,0.032,0.0545,0.0,122.0,0.0,52.0,0.0,
"Figs, dried, uncooked",644.6666666666666,63.88999999999999,3.2999999999999994,9.8,0.9233333333333333,47.92,0.159,0.345,0.144,0.0,162.0,0.287,2.03,67.73333333333333,0.51,67.0,680.0,0.6,10.0,0.6233333333333334,0.085,0.082,0.619,0.434,0.106,9.0,0.0,0.0,1.2,0.0,0.35666666666666663,0.034,0.035,0.08433333333333333,0.12,0.08333333333333333,0.032,0.07133333333333335,0.08033333333333333,0.01933333333333333,0.03833333333333333,0.11599999999999999,0.0,32.0,0.0,6.0,0.0,
"Oranges, raw, all commercial varieties",122.0,11.75,0.94,2.4,0.12,9.35,0.023,0.025,0.015,0.0,40.0,0.045,0.1,10.0,0.025,14.0,181.0,0.5,0.0,0.07,0.087,0.04,0.282,0.25,0.06,30.0,0.0,11.0,53.2,0.0,0.18,0.01,0.018,0.025,0.023,0.047,0.02,0.031,0.015,0.009,0.016,0.04,0.0,129.0,11.0,71.0,116.0,
"Apricots, dried, sulfured, uncooked",625.0,62.64,3.39,7.3,0.51,53.44,0.074,0.074,0.017,0.0,55.0,0.343,2.66,32.0,0.235,71.0,1162.0,2.2,10.0,0.39,0.015,0.074,2.589,0.516,0.143,10.0,0.0,180.0,1.0,0.0,4.33,0.019,0.047,0.063,0.105,0.083,0.015,0.062,0.073,0.016,0.039,0.078,0.0,0.0,0.0,2163.0,0.0,
"Olives, ripe, canned (small-extra large)",300.5,6.04,0.84,1.6,10.9,0.0,7.652,0.629,2.279,0.0,88.0,0.251,6.28,4.0,0.02,3.0,8.0,0.9,735.0,0.22,0.003,0.0,0.037,0.015,0.009,0.0,0.0,17.0,0.9,0.0,1.65,,0.023,0.031,0.05,0.032,0.012,0.029,0.026,,0.023,0.038,0.0,510.0,0.0,198.0,0.0,
"Raisins, dark, seedless",774.5,79.32,3.3,4.5,0.25,65.18,0.024,0.053,0.094,0.0,62.0,0.272,1.79,36.0,0.281,98.0,744.0,0.6,26.0,0.36,0.106,0.125,0.766,,0.174,5.0,0.0,0.0,2.3,0.0,0.12,,,,,,,,,,,,0.0,0.0,0.0,0.0,0.0,
"Fish, salmon, atlantic, farmed, raw",539.5,0.0,20.42,0.0,13.42,0.0,3.77,3.886,3.05,55.0,9.0,0.045,0.34,27.0,0.011,240.0,363.0,24.0,59.0,0.36,0.207,0.155,8.672,1.547,0.636,26.0,3.23,58.0,3.9,11.025,3.55,0.219,0.549,0.968,1.615,1.87,0.626,0.845,0.86,0.209,0.759,1.107,0.0,0.0,0.0,0.0,0.0,0.5
"Fish, salmon, atlantic, wild, raw",368.0,0.0,19.84,0.0,6.34,,2.103,2.539,0.981,55.0,12.0,0.25,0.8,29.0,0.016,200.0,490.0,36.5,44.0,0.64,0.226,0.38,7.86,1.664,0.818,25.0,3.18,12.0,0.0,,0.0,0.213,0.584,0.914,1.613,1.822,0.587,0.775,0.87,0.222,0.67,1.022,,,,,,
"Fish, cod, atlantic, raw",212.5,0.0,17.81,0.0,0.67,0.0,0.094,0.231,0.131,43.0,16.0,0.028,0.38,32.0,0.015,203.0,413.0,33.1,54.0,0.45,0.076,0.065,2.063,0.153,0.245,7.0,0.91,12.0,1.0,0.9,0.64,0.191,0.524,0.821,1.447,1.635,0.527,0.695,0.781,0.199,0.601,0.917,0.0,0.0,0.0,0.0,0.0,
"Chicken, broiler or fryers, breast, skinless, boneless, meat only, raw",310.5,0.0,22.5,0.0,2.62,0.0,0.689,0.424,0.563,73.0,5.0,0.037,0.37,28.0,0.011,213.0,334.0,22.8,45.0,0.68,0.094,0.177,9.6,1.495,0.811,9.0,0.21,9.0,0.0,0.025,0.56,0.236,0.839,1.104,1.861,2.163,0.585,0.908,1.009,0.283,0.81,1.165,0.0,0.0,0.0,0.0,0.0,8.4
"Pork, fresh, ground, raw",681.5,0.0,16.88,0.0,21.19,,9.44,1.91,7.87,72.0,14.0,0.045,0.88,19.0,0.01,175.0,287.0,24.6,56.0,2.2,0.732,0.235,4.338,0.668,0.383,5.0,0.7,2.0,0.7,,0.0,0.215,0.674,0.79,1.354,1.518,0.447,0.674,0.771,0.214,0.588,0.916,,,,,,
"Beef, grass-fed, ground, raw",513.0,0.0,19.42,0.0,12.73,0.0,4.8,0.532,5.335,62.0,12.0,0.063,1.99,19.0,0.01,175.0,289.0,14.2,68.0,4.55,0.049,0.154,4.818,0.576,0.355,6.0,1.97,0.0,0.0,,0.35,,,,,,,,,,,,0.0,0.0,0.0,0.0,0.0,
"Egg, whole, raw, fresh",371.0,0.72,12.56,0.0,9.51,0.37,3.658,1.911,3.126,372.0,56.0,0.072,1.75,12.0,0.028,198.0,138.0,30.7,142.0,1.29,0.04,0.457,0.075,1.533,0.17,47.0,0.89,160.0,0.0,2.05,1.05,0.272,0.309,0.671,1.086,0.912,0.38,0.68,0.556,0.167,0.499,0.858,0.0,503.0,0.0,0.0,9.0,
